Sample Name,AMEL,AMEL,CSF1PO,CSF1PO,D10S1248,D10S1248,D12S391,D12S391,D13S317,D13S317,D16S539,D16S539,D18S51,D18S51,D19S433,D19S433,D1S1656,D1S1656,D21S11,D21S11,D22S1045,D22S1045,D2S1338,D2S1338,D2S441,D2S441,D3S1358,D3S1358,D5S818,D5S818,D7S820,D7S820,D8S1179,D8S1179,FGA,FGA,Penta D,Penta D,Penta E,Penta E,SE33,SE33,TH01,TH01,TPOX,TPOX,vWA,vWA
NTD01,X,Y,10,10,12,16,16,23,11,13,11,13,16,16,13,16.2,14,14,29,29,15,17,16,16,11,12,17,18,11,12,8,11,12,16,18.2,23,5,10,11,16,20,28.2,7,8,10,11,13,16
NTD02,X,Y,7,12,13,13,18,21,12,14,11,12,15,19,13,13,13,17,27,32.2,15,17,19,20,11,14,12,16,12,13,8,9,14,15,22,22,8,9,9,17,19,26.2,7,8,8,10,16,18
NTD03,X,X,8,12,15,16,17,19,11,13,11,13,13,15,14.2,15,14,16,31.2,32.2,12,16,22,25,11.3,12,16,16,11,12,9,12,14,14,22,22,8,8,8,13,18,20,7,9.3,8,8,16,17
NTD04,X,Y,7,8,9,12,17,18,11,12,9,9,18,22,12,13,10,13,28,29,10,16,19,22,10,11,15,16,12,13,9,12,11,15,22,24,8,12,14,15,19,20,9,9.3,8,10,15,15
NTD05,X,Y,8,8,15,16,18,23,12,13,10,10,13,15,11,12.2,14,16,29,30,11,16,21,24,11,12,15,15,12,13,10,13,10,17,20,23,2.2,9,10,15,18,28.2,6,9,8,9,16,16
NTD06,X,Y,7,11,13,13,15,21,12,14,9,12,12,12,15.2,16.2,14,16,29,30,16,17,19,24,10,11,16,17,11,12,10,11,14,14,21,24,8,8,13,14,13,18,7,8,8,9,16,19
NTD07,X,X,10,11,13,13,20,20,8,11,11,12,15,19,13,14,12,16,28,33.2,16,17,19,19,11,11,13,16,11,13,9,10,11,17,18,23,2.2,2.2,14,17,18,25.2,8,9.3,9,11,18,18
NTD08,X,X,10,14,14,15,18,21,11,14,11,12,16,19,13,14,16,16,27,29,11,11,23,25,11,14,16,17,11,12,10,14,12,14,21,24,2.2,9,10,13,18,26.2,7,8,8,9,15,16
NTD09,X,Y,10,13,14,14,15,18,11,11,11,12,13,16,11,12,13,15,29,31,11,17,22,23,11,13,16,17,12,12,10,11,15,15,19.2,25,5,6,7,8,26.2,33.2,7,7,8,9,15,18
NTD10,X,Y,11,12,13,14,17,19,13,13,11,12,15,18,12,14,11,15,29,31,10,14,18,23,10,11,17,17,13,14,8,9,15,16,22,25,11,13,13,13,25.2,28.2,7,7,9,10,15,17
NTD11,X,Y,7,13,13,14,18,24,11,12,11,11,15,20,11,13.2,12,13,29,33.2,17,17,17,25,12,14,12,16,11,13,10,10,13,14,19,22,8,13,10,14,13.2,22,9,9,8,12,17,18
